Aba,k
Abadan,k
Abak,e
Abaka,e
Abakan,e
Abakay,e
Abar,e
Abasıyanık,e
Abaş,k
Abaşkatun,k
Abay,e
Abaza,e
Abbas,e
Abdal,e
Abdan,e
Abdi,e
Abdullah,e
Abdülhay,e
Abdülhey,e
Abdüssamed,e
Abdüssamet,e
Abgun,e
Abı,e
Abıdan,e
Abıl,e
Abılay,e
Abidin,e
Abluç,e
Abşar,u
Abşar,u
Acar,u
Acar,u
Acaralp,e
Acarbay,e
Acarbey,e
Acarer,e
Acarkan,e
Acun,e
Açelya,k
Açığ,u
Açığ,u
Açık,u
Açık,u
Açuk,e
Adalan,e
Adaldı,e
Adalettin,e
Adalır,e
Adalmış,e
Adanır,e
Adar,e
Adaş,e
Adberilgen,e
Adem,e
Âdem,e
Adıgüzel,e
Adık,e
Adıktı,e
Adıkutlu,e
Adıkutluğ,e
Adıkutlutaş,e
Adın,e
Adıvar,e
Adil,e
Adlı,e
Adlıbeğ,e
Adnan,e
Adraman,e
Adsız,e
Affan,e
Afitap,k
Afşar,e
Afşın,e
Afşin,e
Agâh,e
Ağabay,e
Ağabegim,k
Ağaça,k
Ağakağan,e
Ağalak,e
Ağanak,k
Ağanakbike,k
Ağlamış,e
Ahfeş,e
Ahıska,e
Ahmed,e
Ahmet,e
Ahsen,u
Ahsen,u
Ahu,k
Aişe,k
Ak,u
Ak,u
Aka,u
Aka,u
Akasya,k
Akaş,e
Akata,e
Akbacı,k
Akbala,k
Akbaş,e
Akbay,e
Akbegüm,k
Akboğa,e
Akböri,u
Akböri,u
Akbörü,u
Akbörü,u
Akbudak,u
Akbudak,u
Akbuğra,e
Akbulak,u
Akbulak,u
Akça,u
Akça,u
Akçakoca,e
Akçapamuk,k
Akçiçek,k
Akçora,e
Akdemir,e
Akdoğan,e
Akerkeç,k
Akgeyik,k
Akgül,k
Akı,u
Akı,u
Akıbudak,e
Akılbek,e
Akım,e
Akın,u
Akın,u
Akıncı,u
Akıncı,u
Akif,e
Akife,k
Akkatun,k
Akkun,e
Akkunlu,e
Akkurt,e
Akkuş,e
Akpamuk,k
Akpıra,e
Aksungur,e
Aktan,e
Al,e
Ala,e
Alaattin,e
Alaban,e
Alaböri,u
Alaböri,u
Alabörü,u
Alabörü,u
Aladağ,e
Aladoğan,e
Alageyik,k
Alakurt,u
Alakurt,u
Alayunt,u
Alayunt,u
Alayuntlu,e
Alçiçek,k
Aldemir,e
Aldıgerey,e
Aldoğan,e
Alev,k
Algış,k
Algu,e
Alımga,e
Ali,e
Alihan,e
Alka,e
Alkabölük,e
Alkaevli,e
Alkan,e
Alkaşı,e
Alkış,e
Alma,k
Almalık,k
Almıla,k
Almılalık,k
Alp,e
Alpagut,e
Alpamış,e
Alparsbeğ,e
Alparslan,e
Alpata,e
Alpay,e
Alpaya,e
Alpaykağan,e
Alpbamsı,e
Alpbilge,e
Alpdirek,e
Alpdoğan,e
Alper,e
Alperen,e
Alpertunga,e
Alpgerey,e
Alphan,e
Alpış,e
Alpilig,e
Alpkara,e
Alpkutlu,e
Alpkülük,e
Alpşalçı,e
Alptegin,e
Alptuğrul,e
Alptunga,e
Alpturan,e
Alptutuk,e
Alpuluğ,e
Alpurungu,e
Alpurungututuk,e
Alpyörük,e
Altan,e
Altankağan,e
Altankan,e
Altay,e
Altın,u
Altın,u
Altınarı,k
Altınçiçek,k
Altınkağan,e
Altınkan,e
Altınkatun,k
Altınoba,e
Altınözük,u
Altınözük,u
Altıntamgan,e
Altıntamgantarkan,e
Altıntarım,k
Altıntarkan,e
Altıntay,e
Altınyumak,k
Altmışkara,e
Altuga,e
Amaç,e
Amrak,u
Amrak,u
Amul,u
Amul,u
Ançuk,e
Andarıman,e
Angış,e
Anıl,e
Ankas,k
Anlı,e
Ant,u
Ant,u
Apa,e
Apak,u
Apak,u
Apatarkan,e
Apçın,e
Aprançur,e
Araboğa,e
Arademir,e
Aral,u
Aral,u
Araz,u
Araz,u
Arbaş,k
Arbay,e
Arbış,k
Arbuz,e
Arçuk,e
Arda,u
Arda,u
Ardıç,u
Ardıç,u
Argıl,e
Argu,e
Argun,e
Arı,u
Arı,u
Arıboğa,e
Arıgına,k
Arık,u
Arık,u
Arıkaç,k
Arıkağan,e
Arıkan,k
Arıkankatun,k
Arıkdoruk,e
Arınç,e
Arıyağı,k
Arkın,e
Arkış,e
Armağan,u
Armağan,u
Arman,u
Arman,u
Arnaç,e
Arpat,e
Arsal,u
Arsal,u
Arsıl,u
Arsıl,u
Arslan,u
Arslan,u
Arslanargun,e
Arslanbörü,e
Arslankatun,k
Arslansungur,e
Arslantegin,e
Arslanyabgu,e
Arşun,e
Artıınal,e
Artuk,e
Artukaç,e
Artut,u
Artut,u
Aruk,u
Aruk,u
Arzı,k
Asana,k
Asartegin,e
Asena,k
Asığ,e
Asrı,e
Astın,k
Asuğ,e
Aşan,e
Aşanboğa,e
Aşantudun,e
Aşantuğrul,e
Aşıkbulmuş,e
Aşına,k
Aşkın,e
Aştaloğul,e
Aşuk,e
Ataç,e
Atakağan,e
Atakan,e
Ataklı,e
Atalan,e
Atalay,e
Ataldı,e
Atalmış,e
Ataman,e
Atasagun,e
Atasu,e
Atberilgen,e
Atgak,k
Atıgay,e
Atıkutlu,e
Atıkutlutaş,e
Atıl,e
Atıla,e
Atılay,e
Atılgan,e
Atım,e
Atımer,e
Atış,e
Atilla,e
Atlı,e
Atlıbeğ,e
Atlıkağan,e
Atmaca,e
Atsak,e
Atsız,e
Attila,e
Atun,k
Atunçu,e
Avar,e
Avluç,e
Avşar,e
Ay,u
Ay,u
Ayaçı,e
Ayas,e
Ayaş,e
Ayaz,e
Aybala,k
Aybalta,e
Ayban,e
Aybars,e
Aybeğ,e
Aybık,k
Aybike,k
Ayça,k
Ayçıl,k
Ayçiçek,u
Ayçiçek,u
Aydanarı,k
Aydar,u
Aydar,u
Aydarkağan,e
Aydemir,e
Aydeniz,e
Aydın,u
Aydın,u
Aydınalp,e
Aydınay,e
Aydıner,e
Aydıntan,e
Aydinç,e
Aydoğan,e
Aydoğdu,u
Aydoğdu,u
Aydoğmuş,u
Aydoğmuş,u
Aydolun,e
Aygen,e
Aygırak,e
Aygören,e
Aygün,u
Aygün,u
Ayhan,e
Ayık,e
Ayımça,k
Ayıtmış,e
Ayız,u
Ayız,u
Ayızdağ,e
Aykaç,e
Aykağan,u
Aykağan,u
Aykan,e
Aykatun,k
Aykonçuy,k
Aykul,e
Aykurt,e
Aykut,e
Aykutalp,e
Aykutlu,e
Aykün,e
Ayla,k
Aylan,e
Ayluç,e
Ayluçtarkan,e
Ayma,e
Ayman,e
Aymete,e
Aymutlu,e
Aypar,e
Aypare,k
Aypars,u
Aypars,u
Aypolat,e
Ayral,u
Ayral,u
Ayruk,e
Aysal,u
Aysal,u
Aysan,u
Aysan,u
Aysel,k
Ayseli,k
Aysen,k
Aysev,k
Aysılığ,e
Aysın,u
Aysın,u
Aysoy,e
Aysu,k
Aysun,u
Aysun,u
Aysuna,u
Aysuna,u
Aysunar,u
Aysunar,u
Aysungur,e
Ayşan,u
Ayşan,u
Ayşe,k
Ayşegül,k
Aytaç,e
Aytak,e
Aytan,e
Aytar,e
Aytek,e
Aytekin,e
Aytemur,e
Ayten,k
Aytigin,e
Aytimur,e
Aytok,e
Aytolun,e
Aytop,e
Aytun,e
Aytuna,u
Aytuna,u
Aytunca,e
Aytunç,e
Aytün,e
Aytürk,e
Ayverdi,e
Ayyaruk,k
Ayyıldız,u
Ayyıldız,u
Ayyüce,u
Ayyüce,u
Ayzıt,k
Azak,e
Azban,e
Azgan,e
Azganaz,e
Azıl,e
Azim,e
Aziz,e
Azmi,e
Azra,k
Azrak,e
Babır,e
Babur,e
Baçara,e
Baççayman,e
Baçman,e
Badabul,e
Badak,e
Badakalp,e
Bade,k
Badruk,e
Badur,e
Bagatur,e
Bager,e
Bağaalp,e
Bağaışbara,e
Bağan,e
Bağaşatulu,e
Bağatarkan,e
Bağatengrikağan,e
Bağatur,e
Bağaturgerey,e
Bağaturipi,e
Bağatursepi,e
Bağış,u
Bağış,u
Bağlan,k
Bağtaş,e
Baha,e
Bahacan,e
Bahadır,e
Bahar,k
Bakağul,e
Bakır,e
Bakırsokum,e
Baksı,e
Bakşı,e
Bal,k
Bala,k
Balaban,e
Balaka,e
Balakatay,e
Balakatun,k
Balamır,e
Balamir,e
Balçar,e
Baldu,e
Baler,e
Balgay,e
Balım,u
Balım,u
Balkık,e
Balta,e
Baltacı,e
Baltar,e
Baltır,e
Baltur,e
Bamsı,e
Bangu,e
Banı,k
Banıçiçek,k
Banu,k
Barak,e
Baraktöre,e
Baran,e
Barbeğ,e
Barboğa,e
Barbol,e
Barbulsun,e
Barça,u
Barça,u
Barçadoğdu,e
Barçadoğmuş,e
Barçadurdu,e
Barçadurmuş,e
Barçan,e
Barçatoyun,e
Barçın,u
Barçın,u
Bardıbay,e
Bargan,e
Barımtay,e
Barın,e
Barış,e
Barkan,e
Barkdoğdu,e
Barkdoğmuş,e
Barkdurdu,e
Barkdurmuş,e
Barkın,e
Barlas,e
Barlıbay,e
Barmaklak,e
Barmaklı,e
Barman,e
Bars,u
Bars,u
Barsbeğ,e
Barsboğa,e
Barsgan,e
Barskan,e
Barsurungu,e
Bartu,e
Basademir,e
Basan,e
Basanyalavaç,e
Basar,e
Basat,e
Baskın,e
Basmıl,e
Bastı,e
Bastuğrul,e
Basu,e
Basut,e
Başak,k
Başbuğ,e
Başçı,e
Başgan,e
Başkırt,e
Başkurt,e
Baştar,e
Batrak,u
Batrak,u
Batu,e
Batuk,e
Batur,e
Baturalp,e
Bay,e
Bayançar,e
Bayankağan,e
Bayat,e
Bayazıt,e
Baybars,e
Baybayık,u
Baybayık,u
Baybiçen,e
Bayboğa,e
Baybora,e
Baybüre,e
Baydar,e
Baydemir,e
Baydur,e
Bayık,e
Bayınçur,e
Bayındır,e
Baykal,u
Baykal,u
Baykara,e
Baykoca,e
Baykuzu,e
Baylak,k
Baylakkatun,k
Baymünke,e
Bayna,e
Baynal,e
Baypüre,e
Bayraç,e
Bayrak,u
Bayrak,u
Bayram,e
Bayrı,e
Bayrın,e
Bayruk,e
Baysungur,e
Baytara,e
Baytaş,e
Bayunçur,e
Bayur,e
Bayurku,e
Bayutmuş,e
Bayuttu,e
Bazır,e
Beçeapa,e
Beçkem,e
Begi,e
Begil,e
Begine,e
Begitutuk,e
Beglen,e
Begni,e
Begüm,k
Beğ,e
Beğarslan,e
Beğbars,e
Beğbilgeçikşin,e
Beğboğa,e
Beğçur,e
Beğdemir,e
Beğdilli,e
Beğdurmuş,e
Beğkulu,e
Beğtaş,e
Beğtegin,e
Beğtüzün,e
Behlül,e
Behzat,e
Bek,e
Bekazıl,e
Bekbekeç,e
Bekeç,e
Bekeçarslan,e
Bekeçarslantegin,e
Bekeçtegin,e
Beker,e
Beklemiş,e
Bekmez,k
Bektutmak,k
Bektür,e
Belçir,e
Belek,u
Belek,u
Belgi,u
Belgi,u
Belgüc,u
Belgüc,u
Beliz,k
Beltir,e
Benek,k
Bengi,u
Bengi,u
Bengü,u
Bengü,u
Benlidemir,e
Bera,e
Berçin,k
Berdan,e
Berdibeğ,e
Beren,u
Beren,u
Berendey,e
Berfu,k
Berginsenge,e
Bergü,u
Bergü,u
Berika,k
Berkan,e
Berkant,e
Berke,e
Berkiş,e
Berkyaruk,e
Bermek,e
Berna,u
Berna,u
Besentegin,e
Betemir,e
Betül,k
Beyizçi,e
Beyrek,e
Beyrem,e
Beyza,k
Bezek,k
Bezinç,k
Bıçkı,e
Bıçkıcı,e
Bıdın,e
Bıtaybıkı,e
Bıtrı,e
Bibikatun,k
Biçek,e
Biçke,k
Bihter,k
Bike,k
Bilâl,e
Bilge,u
Bilge,u
Bilgebayunçur,e
Bilgebeğ,e
Bilgeçikşin,e
Bilgeışbara,e
Bilgeışbaratamgan,e
Bilgekağan,e
Bilgekan,e
Bilgekutluk,e
Bilgekülüçur,e
Bilgetaçam,e
Bilgetamgacı,e
Bilgetardu,e
Bilgetegin,e
Bilgetonyukuk,e
Bilgez,e
Bilgiç,e
Bilgin,e
Bilig,e
Biligköngülsengün,e
Bilik,e
Binbeği,e
Bindir,e
Birbenek,k
Birebin,k
Biriçim,k
Boğa,e
Boğaç,e
Boğaçuk,e
Boldaz,e
Bolmuş,e
Bolsun,e
Bolun,e
Boncuk,u
Boncuk,u
Bongul,e
Bongulboğa,e
Bora,e
Boran,e
Borçul,e
Borlukçu,e
Bornak,e
Boyan,e
Boyankulu,e
Boylabağa,e
Boylabağatarkan,e
Boylakutlutarkan,e
Bozan,e
Bozbörü,u
Bozbörü,u
Bozdoğan,e
Bozkurt,u
Bozkurt,u
Bozkuş,e
Bozok,e
Böçke,k
Bögde,u
Bögde,u
Böge,e
Bögü,e
Bökde,u
Bökde,u
Böke,e
Bölen,e
Bölükbaşı,e
Bönek,e
Bönge,e
Börk,k
Börteçin,e
Börteçine,e
Börü,u
Börü,u
Börübars,e
Börüsengün,e
Buçan,e
Buçur,e
Budağ,e
Budak,e
Budaka,k
Budunlu,e
Buğday,u
Buğday,u
Buğra,e
Buğrakarakağan,e
Bukak,e
Bukaktutuk,e
Bukuk,k
Bulaçapan,e
Bulak,e
Bulan,e
Buldur,e
Bulgak,e
Bulmaz,e
Bulmuş,e
Buluç,e
Buluğ,u
Buluğ,u
Buluk,e
Buluş,u
Buluş,u
Bulut,e
Bumın,e
Bunsuz,u
Bunsuz,u
Burcu,k
Burçak,u
Burçak,u
Burçin,k
Burguçan,e
Burkay,e
Burla,k
Burslan,e
Burta,k
Burulday,e
Burulgu,e
Burunduk,e
Buşulgan,e
Butak,e
Butuk,e
Buturgak,u
Buturgak,u
Buyan,e
Buyançuk,e
Buyandemir,e
Buyankara,e
Buyat,e
Buyraç,e
Buyruç,e
Buyruk,e
Buzaç,e
Buzaçtutuk,e
Büdüs,e
Büdüstudun,e
Bügdüz,e
Bügdüzemen,e
Büge,e
Bügü,u
Bügü,u
Büğübilge,e
Bükdüz,e
Büke,e
Bükebuyraç,e
Bükebuyruç,e
Bükey,e
Büktegin,e
Bükün,k
Büküşboğa,e
Bülent,e
Bümen,e
Bünül,e
Bürçü,k
Büre,e
Bürgüt,e
Bürkek,e
Bürküt,e
Bürlük,e
Bürümcek,k
Bürünçük,k
Büşra,k
Büşünçek,k
Can,e
Caner,e
Canı,k
Canseri,k
Cebe,e
Cebrail,e
Cedide,k
Cevdet,e
Ceyhun,u
Ceyhun,u
Cılasun,e
Cihat,e
Coşkun,e
Çaba,e
Çabdar,e
Çablı,e
Çabuş,e
Çağ,e
Çağa,e
Çağacan,e
Çağacar,e
Çağaçar,e
Çağakan,e
Çağan,e
Çağatay,e
Çağda,e
Çağdan,e
Çağdaş,e
Çağıl,e
Çağın,u
Çağın,u
Çağla,k
Çağlar,u
Çağlar,u
Çağlasın,e
Çağlayan,k
Çağman,e
Çağrı,e
Çağrıbeğ,e
Çağrıbey,e
Çağrıtegin,e
Çağruk,e
Çaka,e
Çakabeğ,e
Çakan,e
Çakı,e
Çakıdı,e
Çakıl,e
Çakın,e
Çakır,e
Çakırbey,e
Çakırça,e
Çakırer,e
Çakırkağan,e
Çakırtunga,e
Çakırtungakağan,e
Çakmak,e
Çakmur,e
Çakoğul,e
Çaksırı,e
Çalapkulu,u
Çalapkulu,u
Çalayır,e
Çalık,e
Çalışkan,e
Çalkara,e
Çamer,e
Çamır,e
Çanbaşağa,e
Çandar,e
Çanga,e
Çangır,e
Çankız,k
Çansı,e
Çapa,e
Çapan,e
Çapar,e
Çapın,e
Çapıtgan,e
Çapkun,e
Çapkunotuç,e
Çaplı,e
Çaptı,e
Çaptuğ,e
Çarır,e
Çaruk,e
Çaruklu,e
Çarun,e
Çasantuz,e
Çasır,e
Çava,e
Çavaş,e
Çavdar,e
Çavlı,e
Çavuş,e
Çaysu,e
Çebe,e
Çegre,e
Çekül,e
Çelgi,e
Çelik,e
Çemen,k
Çemgen,k
Çengin,e
Çepni,e
Çeri,e
Çerik,e
Çetin,e
Çetinkaya,e
Çeykün,u
Çeykün,u
Çığan,e
Çığantonyukuk,e
Çığay,e
Çığbatar,e
Çığılbar,e
Çığır,e
Çılasın,e
Çılasun,e
Çımkara,e
Çınar,e
Çınay,u
Çınay,u
Çıngır,k
Çınrak,e
Çıray,e
Çırkuş,e
Çıtsu,e
Çibek,e
Çibekkargu,e
Çiçek,k
Çiçem,k
Çigşi,e
Çiğdem,k
Çiğil,e
Çiğilarslan,e
Çikşin,e
Çilenti,u
Çilenti,u
Çimen,k
Çinek,e
Çiner,e
Çizim,e
Çobayıkmış,e
Çobulmak,k
Çocukbörü,u
Çocukbörü,u
Çocukbörüsengün,e
Çoğu,e
Çokaygır,e
Çokramayul,u
Çokramayul,u
Çolak,e
Çolman,u
Çolman,u
Çolpan,u
Çolpan,u
Çomak,e
Çomul,e
Çonay,e
Çora,e
Çorabatur,e
Çoraman,e
Çorman,e
Çortan,e
Çosun,e
Çotul,e
Çoyun,e
Çökey,e
Çölü,k
Çömen,e
Çubaldur,e
Çubaş,e
Çubu,e
Çuçu,e
Çuğlan,e
Çuka,e
Çuluk,e
Çupan,e
Çupka,e
Çur,e
Çurbağa,e
Çünük,e
Dağ,e
Dağkağan,e
Dakak,e
Dalay,k
Damar,e
Damla,k
Delâl,e
Delibalta,e
Delidumrul,e
Demet,k
Demir,e
Demirbakaç,e
Demirboğa,e
Demircan,e
Demirdirek,e
Demirgen,e
Demirgüçü,e
Demirgüçüdirek,e
Demirkağan,e
Demirkan,e
Demirkazık,e
Demirkazuk,e
Demirtaş,e
Demirtayak,e
Demiryumruk,e
Demre,k
Dengizik,e
Deniz,u
Deniz,u
Denizkağan,e
Derviş,e
Devlet,u
Devlet,u
Dılmaç,e
Didem,k
Dikçe,e
Dike,e
Dikirmen,e
Dilârâ,k
Dilay,k
Dilek,u
Dilek,u
Dilge,u
Dilge,u
Dilruba,k
Dinçer,e
Direk,e
Diri,u
Diri,u
Dirse,e
Dirsekağan,e
Dizik,k
Dodurga,e
Doğan,e
Doğanarslan,e
Doğankaykan,e
Doğantegin,e
Doğantuğrul,e
Doğmuş,e
Doğu,e
Doğukağan,e
Doğukan,e
Doğulbay,e
Dokuzoğuz,e
Dolgan,e
Döğer,e
Dökmen,e
Dölek,e
Döndü,u
Döndü,u
Döne,u
Döne,u
Duhter,k
Duka,e
Dukakoca,e
Duman,e
Dumlupınar,e
Dumrul,e
Durak,e
Durmuş,e
Duru,u
Duru,u
Dururbunsuz,u
Dururbunsuz,u
Duygu,u
Duygu,u
Düriye,k
Dürmen,e
Ebin,k
Ebkızı,k
Ebrekdemir,e
Ebren,u
Ebren,u
Ebrük,e
Ece,k
Eçine,e
Eçinekür,e
Eçinetürçe,e
Edçü,e
Edebalı,e
Edige,e
Edil,u
Edil,u
Ediz,u
Ediz,u
Efrail,e
Egdeçin,e
Egemen,u
Egemen,u
Eğrek,e
Eğrim,u
Eğrim,u
Ekeç,k
Ekim,u
Ekim,u
Ekin,u
Ekin,u
Ekmel,e
Ekrem,e
Elâ,k
Elç,e
Elççurküçbars,e
Elçi,e
Elekül,e
Elkebulak,e
Elkin,u
Elkin,u
Elti,k
Emen,e
Emir,e
Emre,e
Emrullah,e
Ender,e
Engin,e
Engse,e
Engsekoca,e
Engürün,e
Engürünelçi,e
Enik,e
Er,e
Eralp,e
Erankas,e
Erankastöşek,e
Erboğa,e
Erbüz,e
Ercan,e
Erdem,u
Erdem,u
Erdemkağan,e
Erdemkağanaltuga,e
Erdeni,k
Erdenikatun,k
Erdeniözük,k
Erdoğan,e
Erdoğdu,e
Erdoğmuş,e
Erduran,e
Erdurdu,e
Erdurmuş,e
Erem,e
Eren,e
Erentüz,u
Erentüz,u
Erenuluğ,e
Ergeldi,e
Ergelen,e
Ergelmiş,e
Ergene,k
Ergenekatun,k
Ergenekon,e
Ergenekun,e
Ergin,e
Ergun,e
Ergün,e
Erhan,e
Eriker,e
Erinç,u
Erinç,u
Erk,e
erkân,e
Erkarslan,e
Erke,k
Erkin,e
Erkli,e
Erkutay,e
Erküz,e
Ermen,u
Ermen,u
Ersegün,e
Ersığın,e
Ersin,e
Ersungur,e
Ertaş,e
Ertaşyabgu,e
Ertegin,e
Erten,k
Ertenözük,k
Ertokuş,e
Ertuğrul,e
Ertunç,e
Esbâb,e
Esen,u
Esen,u
Esenbike,k
Esenboğa,e
Esendemir,e
Esenkaya,e
Eser,u
Eser,u
Esim,e
Esin,k
Esinti,e
Esra,k
Esri,e
Eşkara,e
Etil,u
Etil,u
Etrek,e
Evin,k
Evliya,e
Eygiş,e
Eyiz,u
Eyiz,u
Eylek,e
Eylik,e
Eylikkoca,e
Eylül,k
Eymür,e
Ezgene,e
Ezgütegin,e
Fadik,k
Fadime,k
Fadiş,k
Fahri,e
Faruk,e
Fatıma,k
Fatih,e
Fatma,k
Fatoş,k
Felek,u
Felek,u
Feriş,k
Ferit,e
Fersan,e
Fethi,e
Fethullah,e
Fetih,e
Figen,k
Fikret,u
Fikret,u
Filiz,k
Fuad,e
Fuâd,e
Fuat,e
Fulya,k
Fuzuli,e
Galip,e
Gamze,k
Gediz,e
Gelin,k
Gelincik,k
Gençek,e
Gerey,e
Gonca,k
Goncagül,k
Gök,e
Gökalp,e
Gökboğa,e
Gökbörü,u
Gökbörü,u
Gökbudak,e
Gökçe,u
Gökçe,u
Gökçegöl,k
Gökçek,e
Gökçen,u
Gökçen,u
Gökçiçek,k
Gökdoğan,e
Göker,e
Gökhan,e
Gökkağan,e
Gökmen,e
Gökşin,u
Gökşin,u
Göktaş,e
Göktuğ,e
Göktupulgan,e
Gönder,e
Göne,e
Gönül,k
Görgü,e
Görkem,u
Görkem,u
Görün,u
Görün,u
Gözde,k
Gulam,e
Guz,e
Güçlü,e
Gül,k
Gülay,k
Gülbin,k
Gülbüs,k
Gülçin,k
Gülefşan,k
Gülegen,u
Gülegen,u
Gülemen,u
Gülemen,u
Gülendam,k
Güler,k
Gülfam,k
Gülfem,k
Gülperi,k
Gülsüm,k
Gülten,k
Gülük,e
Gülümser,k
Gümüştegin,e
Gün,u
Gün,u
Günay,u
Günay,u
Günçiçek,k
Gündeş,e
Gündoğan,e
Gündoğdu,u
Gündoğdu,u
Gündoğmuş,u
Gündoğmuş,u
Gündüz,e
Gündüzalp,e
Güne,e
Günerdi,e
Güneren,e
Günermiş,e
Güneş,u
Güneş,u
Günkağan,e
Günyaruk,k
Gürbüz,u
Gürbüz,u
Gürçay,e
Gürgen,e
Gürtürk,e
Güvenç,e
Güvercin,k
Güyük,e
Güzey,u
Güzey,u
Habib,e
Habibe,k
Habil,e
Habip,e
Hacer,k
Hadise,k
Hakan,e
Hakkı,e
Halide,k
Halim,e
Halit,e
Hande,k
Hanif,e
Hanife,k
Harp,e
Harun,e
Hasan,e
Hatice,k
Haydar,e
Hayri,e
Hayrünnisa,k
Hazal,k
Helin,k
Hidayet,k
Hikmet,u
Hikmet,u
Hilal,k
Hilmi,e
Hind,k
Hüdaverdi,e
Hülya,k
Hüseyin,e
Hüsniye,k
Iba,e
Idıkut,e
Idukkut,e
Iğrak,e
Ila,u
Ila,u
Ilaçın,u
Ilaçın,u
Ilaçınbayluk,e
Ilgar,e
Ilgaz,u
Ilgaz,u
Ilgın,k
Ilımga,e
Ilkuş,e
Imga,e
Inakkulu,e
Inal,e
Inalbars,e
Inalbayat,e
Inalbeğ,e
Inalçık,e
Inalçur,e
Inalkoç,e
Inalöz,e
Inalurungu,e
Inan,e
Inanç,u
Inanç,u
Inançalp,e
Inançapa,e
Inançbeğ,e
Inanççı,e
Inançu,e
Inançualp,e
Inançuapa,e
Inançubilge,e
Inançuçur,e
Inançukülüg,e
Inançyabgu,e
Indı,e
Irkıl,e
Irmak,u
Irmak,u
Isığ,u
Isığ,u
Isık,u
Isık,u
Işbara,e
Işbarabilge,e
Işbaraçıkan,e
Işbaratamgan,e
Işbaratarkan,e
Işbarateriştunga,e
Işbarayamtar,e
Işığ,u
Işığ,u
Işık,u
Işık,u
Işıl,k
Işılay,k
Işıtan,e
Itak,e
Iyık,u
Iyık,u
Iyıktağ,u
Iyıktağ,u
Iyış,e
İbrahim,e
İdil,u
İdil,u
İffet,k
İhsan,e
İkeme,k
İkiçitoyun,u
İkiçitoyun,u
İlay,k
İlayda,k
İlbilge,k
İldike,k
İlgegü,u
İlgegü,u
İlhami,e
İmrem,k
İnci,k
İnç,u
İnç,u
İrinç,u
İrinç,u
İrinçköl,u
İrinçköl,u
İrtiş,u
İrtiş,u
İsa,e
İskender,e
İsmet,u
İsmet,u
İtil,u
İtil,u
Jale,k
Janserey,k
Jülide,k
Kaban,e
Kabanbay,e
Kabil,e
Kabşut,e
Kaçaç,e
Kaçanküke,e
Kaçkar,e
Kaçut,e
Kadak,e
Kadır,e
Kadırbilge,e
Kadırkan,e
Kağan,e
Kağanoğul,e
Kağarlık,e
Kakşaaçkı,e
Kalaç,e
Kalalduruk,e
Kalım,e
Kalımtı,e
Kalın,e
Kalıng,e
Kalınkaraaçkı,e
Kalkaman,e
Kalkan,e
Kalkankılıç,e
Kalmuk,e
Kalpas,e
Kam,e
Kamâl,e
Kâmal,e
Kambuktu,e
Kamçı,e
Kamır,e
Kamırtegin,e
Kâmil,e
Kan,e
Kana,e
Kanak,e
Kanaluk,e
Kanat,e
Kancı,u
Kancı,u
Kançı,u
Kançı,u
Kançora,e
Kandemir,e
Kandıbay,e
Kandurmuş,e
Kanelçi,e
Kanık,e
Kanımdı,e
Kanıtgan,e
Kanlı,e
Kanoğul,e
Kantoyun,e
Kanturalı,e
Kantüre,e
Kapağan,e
Kapak,e
Kapan,e
Kapgan,e
Kapgar,k
Kaplan,e
Kaplangerey,e
Kapsın,e
Kara,e
Karaaçkı,e
Karaalp,e
Karaarslan,e
Karaarslanbörü,e
Karaba,e
Karabakşı,e
Karabars,e
Karabayır,e
Karabıyık,e
Karaboğa,e
Karabölük,e
Karabörü,e
Karabudak,e
Karabuluk,e
Karabulut,e
Karaca,u
Karaca,u
Karacaoğlan,e
Karaça,u
Karaça,u
Karaçuk,e
Karaçur,e
Karademir,e
Karadoğan,e
Karadoğma,e
Karaevli,e
Karagöz,e
Karagüne,e
Karak,u
Karak,u
Karakağan,e
Karakaş,e
Karakızıl,e
Karakulagu,e
Karakun,e
Karakunaz,e
Karakurt,e
Karakuş,e
Karakuzu,e
Karaküyük,e
Karaman,e
Karaoğul,e
Karaokuy,e
Karasungur,e
Karategin,e
Karatoğma,e
Karaton,e
Karatoyun,e
Karatüken,e
Karavul,e
Karayağma,e
Karayan,e
Karayığaç,e
Karayülük,e
Karçıgay,e
Karçur,e
Kargılaç,k
Kargın,e
Karguy,e
Karık,e
Karımış,e
Karınkağan,e
Karkın,e
Karlı,e
Karlıgaç,k
Karlık,e
Karluk,e
Karpak,e
Kartal,e
Kasık,e
Kasırga,e
Kasırku,e
Kasmış,e
Katı,e
Katık,e
Katkay,e
Katkı,e
Katku,e
Katmış,e
Katun,k
Katunkız,k
Kavşut,e
Kavul,e
Kavurt,e
Kay,e
Kaya,e
Kayacık,k
Kayaçık,k
Kayaesrük,e
Kayan,e
Kayça,k
Kaydu,e
Kaygısız,e
Kaygusuz,e
Kayı,e
Kayımtı,e
Kayın,e
Kayıtgan,e
Kayıtsu,e
Kaykan,e
Kaymas,e
Kaymış,e
Kaynak,u
Kaynak,u
Kayra,e
Kaysakık,e
Kaysıdı,e
Kaytak,e
Kaytmaz,e
Kazan,e
Kazanç,u
Kazanç,u
Kazgan,e
Kazıkurt,e
Kazılık,e
Kazılıkkoca,e
Kâzım,e
Kazkatun,k
Kazuk,e
Kebek,e
Keğen,e
Kekik,k
Keklik,k
Kekmen,e
Keldibeğ,e
Keleş,e
Kelgin,e
Kemal,e
Kençek,e
Kenik,e
Kensiğ,e
Kepez,k
Kereküçü,e
Keriaçarı,e
Kerik,e
Kerki,e
Kerskiç,e
Kerşin,e
Kesme,k
Ketimurungu,e
Ketire,e
Ketkara,e
Ketkaratudun,e
Kettaş,e
Keyargun,e
Keyken,u
Keyken,u
Kezban,k
Kezik,e
Kezlik,k
Kılat,e
Kılıç,e
Kılıçarslan,e
Kılıçkalkan,e
kılıçkamçı,e
Kılıçkan,e
Kımız,k
Kımızalma,k
Kımızalmıla,k
Kımızın,u
Kımızın,u
Kına,e
Kından,e
Kınık,e
Kınrul,e
Kınsun,e
Kıp,e
Kıpçak,e
Kıprıdı,e
Kıra,e
Kıraç,e
Kıraçata,e
Kırçiçek,k
Kırgavul,k
Kırgı,e
Kırgıdı,e
Kırgu,e
Kırguy,e
Kırlangıç,k
Kıryağız,e
Kısak,e
Kıtay,e
Kıvanç,k
Kıvılcım,u
Kıvılcım,u
Kıyagan,e
Kıyağanurungu,e
Kıyan,e
Kıyangüçü,e
Kıyanselçük,e
Kıyımtı,e
Kıyıntıtoyun,e
Kıynak,e
Kızdurmuş,k
Kızık,e
Kızılalma,u
Kızılalma,u
Kızılalmıla,u
Kızılalmıla,u
Kızılarslan,e
Kızılboğa,e
Kızılbörü,u
Kızılbörü,u
Kızılelma,u
Kızılelma,u
Kızılkurt,u
Kızılkurt,u
Kızkuş,k
Kiçgine,e
Kilter,e
Kiminsü,e
Kimintüre,e
Kimzin,k
Kindoğmuş,e
Kinsin,e
Kiraz,k
Kirti,e
Kişecik,e
Kiten,e
Kitir,e
Kobulsun,e
Kobuz,u
Kobuz,u
Koç,e
Koçak,e
Koçgar,e
Koçkar,e
Koçun,e
Koçungar,e
Koçunkar,e
Koğuş,e
Koldaş,e
Konat,u
Konat,u
Konçak,e
Konçuy,k
Kondubay,e
Konuk,u
Konuk,u
Konur,e
Konuralp,e
Konurbörü,u
Konurbörü,u
Konurkoca,e
Konurkurt,u
Konurkurt,u
Kopuz,u
Kopuz,u
Koray,e
Korday,k
Kordaykatun,k
Korkağan,e
Korkut,e
Korla,e
Korlaelçi,e
Koru,e
Kosan,e
Koskaman,e
Koşu,e
Koşuk,u
Koşuk,u
Koşulgan,e
Koşututuk,e
Kotan,e
Kotantuğrul,e
Kotku,u
Kotku,u
Kozar,e
Kozuçak,e
Kökbilgekan,e
Kökboğa,e
Kökbudak,e
Kökçü,e
Kökeltaş,k
Köklü,e
Köküskaya,e
Kökyük,e
Kölbilge,e
Kölbilgekan,e
Kölirkin,e
Kölkağan,e
Költegin,e
Kömçü,k
Kömen,e
Kömüç,k
Könder,e
Könüdiri,e
Köp,e
Körpeoğul,e
Körü,e
Körük,e
Körüyük,e
Kösemen,e
Kövenç,e
Kövez,k
Köyde,k
Közemiş,e
Közünçü,e
Ku,e
Kuba,e
Kubaçakırca,e
Kubilay,e
Kubuz,u
Kubuz,u
Kuçan,e
Kuçursu,e
Kudabıdın,e
Kudatmış,e
Kuduğubatur,e
Kuğu,k
Kukun,u
Kukun,u
Kulagu,e
Kulakara,e
Kulakatun,k
Kulan,e
Kulanarslan,e
Kulapa,e
Kulapaurungu,e
Kulbak,e
Kulbert,e
Kuldurak,e
Kulmas,e
Kulpa,e
Kuluç,e
Kulunkara,e
Kumandur,e
Kumararslan,e
Kumaşbay,e
Kumuk,e
Kun,e
Kunan,e
Kunanbay,e
Kunaz,e
Kuncuk,e
Kunçuk,e
Kunçuy,k
Kunu,e
Kur,e
Kurbas,e
Kurç,e
Kurça,e
Kurçdemir,e
Kurçer,e
Kurçu,e
Kurday,k
Kurdaykatun,k
Kurgan,e
Kurla,e
Kurlaelçi,e
Kurman,e
Kursul,e
Kurşun,e
Kurt,e
Kurtçu,e
Kurtoga,e
Kurtul,e
Kurtulmuş,e
Kurtulur,e
Kurtuluş,e
Kuruç,e
Kuruçdemir,e
Kuruğşın,e
Kurum,e
Kurumçuoğul,e
Kuşgaç,k
Kuşuk,e
Kut,u
Kut,u
Kutaçun,e
Kutalmış,e
Kutan,e
Kutay,e
Kutbulan,e
Kutbuldu,e
Kutbulmuş,e
Kutdağ,e
Kutkan,e
Kutku,u
Kutku,u
Kutlu,u
Kutlu,u
Kutlualp,e
Kutlubağatarkan,e
Kutlubeğ,e
Kutluboğa,e
Kutlubört,e
Kutluçigşi,e
Kutludemir,e
Kutludemirtayak,e
Kutludurmuş,e
Kutlukağan,e
Kutlukaya,e
Kutluşat,e
Kutlutaş,e
Kutlutayak,e
Kutlutegin,e
Kutlutunga,e
Kuttağ,e
Kutulmuş,e
Kutuzurungu,e
Kuyakuz,e
Kuyaş,u
Kuyaş,u
Kuz,e
Kuzu,k
Kübeyaruk,e
Küç,e
Küçdemir,e
Küçekül,e
Küçet,e
Küçkara,e
Küçlü,e
Küçlübilge,e
Küçlütegin,e
Küçtegin,e
Küdaruk,e
Küdarukbeğ,e
Küke,e
Kül,e
Külbilge,e
Külçur,e
Külden,k
Küldürtey,e
Külegen,u
Külegen,u
Kültegin,e
Kültudun,e
Külü,e
Külüçur,e
Külüg,e
Külük,e
Külükapa,e
Külükbilge,e
Külükçur,e
Külükınanç,e
Külüksengün,e
Külüktutuk,e
Külükurungu,e
Kün,e
Künbermiş,e
Künç,e
Künçtutuk,e
Künkatun,k
Küntoğsu,u
Küntoğsu,u
Künyıpar,k
Küpe,e
Kür,e
Kürbeği,e
Kürboğa,e
Kürebir,e
Küregen,e
Kürgen,e
Kürkan,e
Kürşat,e
Kürtürk,e
Küten,e
Kütey,e
Küvçü,e
Küyük,e
Küzençik,e
Lale,k
Lema,k
Liyakat,k
Mahmud,e
Mahmut,e
Mahperi,k
Makaraç,e
Mamak,e
Mamatçın,e
Mangıt,e
Masar,e
Masmadar,e
Mayınsık,e
Maytalman,e
Mazhar,e
Mehmed,e
Mehmet,e
Mehmetçik,e
Meken,e
Mekilinkurça,e
Memati,e
Mençik,e
Menekşe,k
Mengü,u
Mengü,u
Mengüçek,e
Mengüdemir,e
Mengükağan,e
Mengükulu,u
Mengükulu,u
Mengütegin,e
Menli,u
Menli,u
Menlidemir,e
Mergen,e
Merkit,e
Mert,e
Mertol,e
Meryem,k
Mesrur,e
Mete,e
Mınar,u
Mınar,u
Mihri,u
Mihri,u
Mindemir,e
Minkara,e
Monçuk,u
Monçuk,u
Mongul,e
Mongulboğa,e
Motun,e
Moyunçur,e
Mörheli,e
Muhammed,e
Muharrem,e
Mukaddes,k
Mukan,e
Muncuk,e
Munduzakın,e
Munsuz,u
Munsuz,u
Musa,e
Mustafa,e
Muyan,u
Muyan,u
Müge,k
Müjde,k
Müjgan,k
Müstecap,e
Müşfik,e
Naci,e
Nadim,e
Nalan,k
Namık,e
Nazan,k
Nazmi,e
Nebi,e
Necati,e
Necla,k
Necmi,e
Necmiye,k
Nefise,k
Neriman,u
Neriman,u
Neslihan,k
Nesrin,k
Neşadiye,k
Neşe,k
Neşvet,k
Nevin,k
Nihal,k
Nil,k
Nimet,u
Nimet,u
Nurten,k
Nusret,u
Nusret,u
Nüvit,e
Ocak,u
Ocak,u
Oçak,u
Oçak,u
Oçur,e
Odçubuyruk,e
Odguç,u
Odguç,u
Odmuş,e
Oglançur,e
Oğan,e
Oğla,e
Oğlagu,k
Oğlagukatun,k
Oğlumuş,e
Oğrak,e
Oğramış,e
Oğul,e
Oğulasuk,e
Oğulbars,e
Oğulçak,e
Oğultarkan,e
Oğur,u
Oğur,u
Oğurtegin,e
Oğuş,e
Oğuz,e
Oğuzbilge,e
Ok,e
Okçu,e
Okşan,k
Okşançı,k
Oktar,e
Oktay,e
Okuş,e
Okutgan,e
Olakçı,e
Olca,u
Olca,u
Olcay,u
Olcay,u
Olcayterken,k
Olcaytu,e
Olçaytu,e
Olgaç,e
Olgun,e
Oluç,e
On,e
Onbeği,e
Ongun,e
Ontutuk,e
Onur,e
Opçın,e
Opuz,e
Opuzlu,e
Or,e
Orak,e
Ordu,u
Ordu,u
Ordubeğ,e
Orduk,e
Orhon,e
Orhun,e
Orkağan,e
Orkan,e
Orkaya,e
Orkun,e
Orkunşat,e
Orkut,e
Orsulay,e
Orunçak,u
Orunçak,u
Osuğ,e
Otamış,e
Otçu,e
Otçuboğa,e
Otkakönmişkılıç,e
Otman,e
Otmuş,e
Otuç,e
Otuzoğlan,e
Oya,k
Oyrat,e
Ozan,e
Ozman,e
Ozmuş,e
Ozmuştegin,e
Ozutgan,e
Öçgel,e
Öçürgen,e
Ödgek,e
Ödül,u
Ödül,u
Öge,e
Ögeçik,e
Ögedey,e
Öger,e
Ögreyük,u
Ögreyük,u
Ögrüz,e
Ögrüzdemir,e
Öğdülmüş,e
Öğrünç,e
Öğrünçe,e
Öğünç,u
Öğünç,u
Öğüt,u
Öğüt,u
Öğütçü,e
Öke,e
Ökrünç,e
Öktem,e
Öküş,u
Öküş,u
Öküşkaraaçkı,e
Ölen,e
Ölütçü,e
Ömer,e
Öngü,e
Örebört,e
Örpen,e
Ötemiş,e
Ötük,u
Ötük,u
Ötüken,u
Ötüken,u
Ötükendemir,e
Ötünçdemir,e
Övet,e
Övünç,u
Övünç,u
Öyke,e
Öyrüm,k
Öyük,u
Öyük,u
Öz,e
Özapa,e
Özbek,e
Özbilge,e
Özcan,u
Özcan,u
Özdemir,e
Özge,u
Özge,u
Özgün,u
Özgün,u
Özkan,e
Özmüş,e
Öznur,u
Öznur,u
Özrüm,k
Özüdoğdu,e
Özüdoğru,e
Özük,u
Özük,u
Özürgen,u
Özürgen,u
Özyeğenalpturan,e
Pamuk,u
Pamuk,u
Paşa,e
Paşabegim,u
Paşabegim,u
Paşayiğit,e
Pay,e
Payandur,e
Paypiçen,e
Peçenek,e
Pelin,k
Penge,e
Peren,k
Petek,k
Peyker,k
Peymey,e
Pınar,k
Pıtırak,k
Pıtrak,k
Polat,e
Poyraz,e
Pusat,e
Pürmüz,e
Rafet,e
Rahim,e
Rahmet,e
Ramazan,e
Rami,e
Ramiz,e
Raziye,k
Recep,e
Refet,e
Refik,e
Reşat,e
Reşit,e
Ruhunur,e
Saadettin,e
Sabıboğa,e
Sabınsatı,e
Sabır,k
Sabri,e
Sabriye,k
Sabutay,e
Sabutu,e
Sacid,e
Sacit,e
Saçu,e
Sadak,k
Saddam,e
Sadettin,e
Safa,e
Saffet,e
Safinaz,k
Safvetullah,e
Sagağul,e
Sagımbay,e
Sagu,e
Sagun,e
Sagur,e
Sağanak,u
Sağanak,u
Sağdıç,e
Sağlık,e
Sağnak,u
Sağnak,u
Sakık,u
Sakık,u
Salcan,k
Salgar,e
Salgur,e
Salılay,k
saliha,k
Salman,e
Salu,e
Salur,e
Salurkazan,e
Samet,e
Sançar,e
Sançmış,e
Sandal,e
Sandıvaç,k
Sangı,e
Sangır,e
Sangun,e
Sanmış,e
Sarı,e
Sarıbaş,e
Sarıbörü,u
Sarıbörü,u
Sarıçır,e
Sarıkulmas,e
Sarıkurt,u
Sarıkurt,u
Sarmaşık,k
Sarp,e
Sartak,e
Saru,e
Sarukan,e
Saruyatı,e
Sasıboğa,e
Sasıkutlukaya,e
Satı,k
Satılmış,u
Satılmış,u
Satmış,e
Savcı,e
Savçı,e
Sayboğa,e
Sayda,e
Sayın,e
Sayyaruk,e
Sebük,k
Sebükkölerkin,e
Sebüktegin,e
Seçkin,u
Seçkin,u
Seda,k
Sedat,e
Seğrek,e
Sekinçkara,e
Selâm,e
Selâmet,e
Selami,e
Selçe,e
Selçen,u
Selçen,u
Selçik,e
Selçük,e
Selek,u
Selek,u
Selenge,u
Selenge,u
Seli,k
Selin,k
Selva,k
Semenek,u
Semenek,u
Semiçe,e
Semürgük,k
Sena,u
Sena,u
Sençer,e
Senge,e
Sengeç,k
Sengekteş,e
Senger,e
Sengün,e
Sengür,e
Sengüy,e
Sengüyara,e
Sengüytudun,e
Sepinli,e
Sercan,e
Serenay,k
Sergül,k
Serhat,e
Serkan,e
Sermet,e
Serra,k
Sertaç,e
Sertap,u
Sertap,u
Server,e
Sevda,k
Sevgi,k
Sevgili,k
Sevgisun,k
Sevilsin,k
Sevim,k
Sevinç,u
Sevinç,u
Sevindi,k
Sevindik,u
Sevindik,u
Sevinsin,k
Sevtap,k
Sevük,k
Seyfi,e
Seyhun,u
Seyhun,u
Seykün,u
Seykün,u
Seymen,e
Sezen,k
Sezer,e
Sezgin,u
Sezgin,u
Sezik,k
Sıla,e
Sılan,e
Sılang,e
Sılka,e
Sındıran,e
Sıngkı,e
Sınkı,e
Sırba,e
Sırça,k
Sırıçga,k
Sırım,e
Sırlığ,k
Sırma,k
Sısır,e
Sışıdu,e
Sıtkı,e
Sıyrım,e
Sibel,k
Sidal,k
Silig,u
Silig,u
Simla,k
Sinan,e
Sinier,e
Soğansarı,e
Sokta,e
Soktuelçi,e
Sokulgan,u
Sokulgan,u
Soma,e
Somaçı,e
Soyalp,e
Soyan,e
Soyar,e
Soysal,e
Söğüt,k
Sökmen,e
Subar,e
Suk,e
Sukak,k
Suma,e
Sumaçı,e
Suna,k
Sunak,u
Sunak,u
Sundulaç,k
Sunduru,u
Sunduru,u
Sungur,e
Sunkişi,u
Sunkişi,u
Suyunçuk,e
Suyurgal,u
Suyurgal,u
Suyurkatmış,e
Sübaşı,e
Süçür,e
Südeş,e
Süğlün,k
Süledi,e
Sülemiş,e
Süler,e
Süleyman,e
Sülü,e
Sülün,k
Sümsüçük,k
Süngekteş,e
Süngü,e
Süngüler,e
Süngüş,e
Süngüşür,e
Sünüş,e
Süsmen,e
Süyen,e
Süyünbike,k
Süyünçük,e
Süyündük,e
Süyürgatmış,e
Şaban,e
Şadiye,k
Şahıgül,k
Şahmelek,k
Şaika,k
Şairan,k
Şakar,u
Şakar,u
Şanveri,k
Şarıka,k
Şaygan,k
Şaziment,k
Şazimet,k
Şaziye,k
Şebnur,k
Şebyelda,k
Şecaat,k
Şecia,k
Şefakat,k
Şefkat,k
Şehriban,k
Şeliha,k
Şeyma,k
Şükrü,e
Tabay,e
Tabgaç,e
Tabgaçyeke,e
Tabın,e
Tabırtı,e
Tabrak,u
Tabrak,u
Tabulgu,u
Tabulgu,u
Tacettin,e
Taçam,e
Tadar,e
Tadgun,u
Tadgun,u
Tadık,e
Tadıkçur,e
Tadkun,e
Tadu,u
Tadu,u
Tagay,e
Tağ,e
Tağlan,k
Tahir,e
Tahire,k
Takıcık,e
Takışkaya,e
Taktı,k
Takva,u
Takva,u
Talan,e
Talguk,e
Talıkı,e
Talıman,e
Talkık,u
Talkık,u
Talkılıç,e
Talpır,k
Talu,u
Talu,u
Taman,e
Tamantarkan,e
Tamar,e
Tamduk,u
Tamduk,u
Tamga,e
Tamgacı,e
Tamgalı,u
Tamgalı,u
Tamgalık,u
Tamgalık,u
Tamgantarkan,e
Tamır,e
Tamuk,k
Tamur,e
Tan,u
Tan,u
Taner,e
Tanguk,u
Tanguk,u
Tangut,e
Tanık,e
Tanıl,e
Tanıp,e
Tanır,e
Tanışman,e
Tanrıkulu,u
Tanrıkulu,u
Tanrıkut,e
Tanrıverdi,u
Tanrıverdi,u
Tanrıvermiş,u
Tanrıvermiş,u
Tansu,u
Tansu,u
Tanyu,e
Tapar,e
Tapdı,e
Tapılgu,u
Tapılgu,u
Tapılguç,u
Tapılguç,u
Tapış,u
Tapış,u
Tapmış,e
Taprak,u
Taprak,u
Tapu,u
Tapu,u
Tapusak,u
Tapusak,u
Tapuş,u
Tapuş,u
Tara,e
Taragay,e
Taran,e
Taraskülüg,e
Tarbın,e
Tarbış,e
Tardu,e
Tarı,u
Tarı,u
Tarıçı,e
Tarıçıbeğ,e
Tarık,e
Tarım,u
Tarım,u
Tarın,e
Tarkan,e
Tarkat,e
Tarmak,e
Tarman,e
Tarsuk,e
Tartar,k
Tartış,k
Taş,e
Taşkan,e
Tatar,e
Tatık,u
Tatık,u
Tatuş,e
Tay,e
Tayak,e
Tayanç,e
Tayanı,e
Taybilge,e
Tayboğa,e
Taybu,e
Taydık,e
Taydıkelçi,e
Taygun,e
Tayık,u
Tayık,u
Tayınçak,e
Tayışma,e
Taylan,e
Taylanyiğit,e
Taypura,e
Taysan,e
Tayşı,e
Taytuğlu,k
Tayun,e
Tayüge,e
Tayyibe,k
Tegin,u
Tegin,u
Tegir,u
Tegir,u
Tegrenç,e
Tekeli,e
Tekeş,e
Tekir,e
Tekiş,e
Teküder,e
Teleboğa,e
Telegey,e
Telengit,e
Temdilik,e
Temen,e
Temiçi,e
Temiş,e
Temren,u
Temren,u
Temüçin,e
Temüke,e
Tengelgüç,k
Tengelgün,k
Tengiz,u
Tengiz,u
Tengribolmış,e
Tengrikulu,u
Tengrikulu,u
Tengüt,e
Tenli,e
Tenliapa,e
Tepiş,e
Terdike,e
Terek,e
Terken,u
Terken,u
Terkenkatun,k
Tersün,k
Tetik,e
Tezginç,e
Tığrak,e
Tınbeğ,e
Tınmış,e
Tısak,e
Tike,e
Tilbe,e
Tilek,u
Tilek,u
Tinç,e
Tinesi,e
Tiregü,e
Tirek,e
Tiri,u
Tiri,u
Tirik,u
Tirik,u
Tobuk,e
Tobula,e
Togay,e
Toğan,e
Toğma,e
Toğman,e
Tok,e
Tokademir,e
Tokak,e
Tokay,e
Tokaydemir,e
Tokdoğan,e
Tokkan,e
Toklukdemir,e
Toklutunga,e
Toksaba,e
Toksı,e
Toksın,e
Toksu,e
Toksuçiğil,e
Toksurmuş,e
Tokta,e
Toktakaya,e
Toktamış,e
Toktamışgerey,e
Toktaş,e
Toktay,e
Toktu,e
Tokumak,e
Tokuş,e
Tolaba,e
Tolmuş,e
Tolu,u
Tolu,u
Toluktüge,e
Tolum,e
Tolun,e
Tolunay,k
Toluntegin,e
Tonguç,e
Tongut,e
Tonlutunga,e
Tonma,e
Tonmabakşı,e
Tonraesim,e
Tonrasemik,e
Tonyukuk,e
Topçan,e
Toprak,u
Toprak,u
Toraman,e
Torku,k
Torumtay,e
Tosun,e
Toygar,e
Toygun,e
Toynak,e
Toyun,e
Toyunçuk,e
Tökmen,e
Tökünçe,k
Tölek,u
Tölek,u
Tölekkaya,e
Tönke,e
Törapa,e
Töre,u
Töre,u
Töreci,u
Töreci,u
Töredi,e
Töreli,u
Töreli,u
Törpe,e
Törtaba,e
Törü,u
Törü,u
Törücü,u
Törücü,u
Törülü,u
Törülü,u
Törüngey,e
Töşek,e
Tuana,k
Tuçayan,e
Tudun,e
Tudunyamtar,e
Tugayörük,e
Tuğ,e
Tuğçe,k
Tuğçu,e
Tuğluk,e
Tuğlukdemir,e
Tuğlukşat,e
Tuğra,e
Tuğrul,e
Tuğrulbeğ,e
Tuğrulca,e
Tuğtegin,e
Tuğur,e
Tuka,e
Tukademir,e
Tula,e
Tulaboğa,e
Tulat,k
Tulu,e
Tulunbeğ,e
Tuluntay,e
Tumagan,k
Tuman,e
Tumguyun,k
Tumlumınar,e
Tumtur,e
Tumur,e
Tun,e
Tuna,u
Tuna,u
Tunacan,u
Tunacan,u
Tunadan,u
Tunadan,u
Tunahan,u
Tunahan,u
Tunç,e
Tundar,e
Tunga,e
Tungaalp,e
Tungakağan,e
Tungatar,e
Tungategin,e
Tungaturan,e
Tunyabgu,e
Tupulgan,e
Tura,u
Tura,u
Turagay,e
Turagına,k
Turak,e
Turalı,e
Turan,e
Turancı,u
Turancı,u
Turançı,u
Turançı,u
Turatutuk,e
Turbay,e
Turga,k
Turgay,e
Turgul,e
Turgut,e
Turku,u
Turku,u
Turkun,u
Turkun,u
Turmuş,e
Turna,k
Turpan,e
Tursun,e
Turu,u
Turu,u
Turuga,k
Turuk,e
Turumçan,e
Turumtay,e
Turunçan,e
Turunday,e
Tuşta,e
Tutaşı,k
Tutçu,k
Tutırga,e
Tutşu,k
Tuttarkan,e
Tutuk,e
Tutuş,e
Tuygan,e
Tuygu,u
Tuygu,u
Tuygun,e
Tuynak,e
Tuyun,e
Tuzakı,k
Tuzkıya,u
Tuzkıya,u
Tüge,u
Tüge,u
Tüger,e
Tükel,u
Tükel,u
Tükele,e
Tüken,e
Tükrünç,e
Tüksün,e
Tükün,e
Tülek,u
Tülek,u
Tülekdemir,e
Tülük,e
Tümay,u
Tümay,u
Tümen,e
Tümenbeği,e
Türçe,e
Türçü,e
Türe,e
Türk,e
Türkân,k
Türkeş,e
Türkmen,e
Türkyiğit,e
Türlük,e
Tüşdemir,e
Tüşümen,e
Tütsü,k
Tütsük,k
Tüz,e
Tüzbayküçbars,e
Tüzçü,e
Tüzlü,e
Tüzlük,e
Tüzmüş,e
Tüzük,e
Tüzün,u
Tüzün,u
Ubaca,e
Uçarkam,e
Uçmak,u
Uçmak,u
Udar,e
Udgurmuş,e
Udmuş,e
Udun,e
Udur,e
Ugan,e
Uganverdi,e
Ugraç,e
Uğrak,e
Uğur,u
Uğur,u
Ukuş,e
Ular,k
Ulas,k
Ulaş,e
Uldız,u
Uldız,u
Ulu,e
Uluç,e
Uluçum,e
Uluğ,e
Uluğerkin,e
Uluğışbara,e
Uluğkeyken,e
Uluğşat,e
Uluğtarkan,e
Uluğtürk,e
Ulun,u
Ulun,u
Uluöz,e
Ulus,e
Ulusal,e
Ulusoy,e
Uluşahin,e
Uluşan,e
Ulutan,e
Ulutekin,e
Ulutürk,e
Ulvi,e
Ulviye,u
Ulviye,u
Uma,e
Uman,e
Umar,e
Umay,u
Umay,u
Umuçu,e
Umunç,u
Umunç,u
Umur,e
Umut,u
Umut,u
Umutlu,e
Unagan,e
Uragan,e
Ural,e
Uraltan,e
Uras,e
Urbeğ,e
Urga,e
Uruç,e
Uruğ,e
Urul,e
Urungu,e
Urungukülük,e
Urungukülüktok,e
Urunguşat,e
Urungutudun,e
Uruoğlan,e
Uruş,e
Uruz,e
Usına,e
Usluer,e
Usman,e
Ussal,e
Usuk,e
Usun,e
Usuna,e
Uşun,e
Uşunkoca,e
Utar,e
Utkan,e
Utku,e
Utsangun,e
Utuş,e
Utuz,e
Uyar,e
Uyaralp,e
Uygar,e
Uygu,e
Uygul,k
Uyguner,e
Uysal,e
Uytun,e
Uz,e
Uzalp,e
Uzamış,e
Uzay,e
Uzbay,e
Uzcan,e
Uzçur,e
Uzel,e
Uzer,e
Uzgör,e
Uzluk,e
Üge,e
Ülegür,e
Ülgen,e
Ülker,u
Ülker,u
Ülkü,u
Ülkü,u
Ülkücü,u
Ülkücü,u
Ülkülü,u
Ülkülü,u
Ümmü Gülsüm,k
Ürçgün,k
Ürün,u
Ürün,u
Ürüng,u
Ürüng,u
Ürüngkaş,u
Ürüngkaş,u
Üstem,k
Üstün,u
Üstün,u
Üyründü,u
Üyründü,u
Üzüm,k
Vefa,u
Vefa,u
Veli,e
Verşen,e
Veysi,e
Veysiye,k
Yabaku,e
Yabasun,e
Yabgudirek,e
Yablak,e
Yablaksarı,e
Yabunsu,e
Yabuz,e
Yaçankır,e
Yada,u
Yada,u
Yadık,e
Yadigâr,u
Yadigâr,u
Yağan,e
Yağantegin,e
Yağıbasan,e
Yağısıyan,e
Yağız,e
Yağlakar,e
Yağlakarata,e
Yağlakarkağan,e
Yağlakarkağanata,e
Yağlıbay,e
Yağma,e
Yağmış,e
Yağmur,u
Yağmur,u
Yağrınçı,e
Yağuk,u
Yağuk,u
Yahya,e
Yakan,e
Yakşı,u
Yakşı,u
Yalçın,e
Yaldrık,u
Yaldrık,u
Yaldruk,u
Yaldruk,u
Yalım,e
Yalımkaya,e
Yalın,u
Yalın,u
Yalınca,e
Yalınguk,e
Yalsaka,e
Yalt,e
Yaltaçuk,e
Yaltapar,e
Yaltkaya,e
Yaman,e
Yamar,u
Yamar,u
Yamgur,u
Yamgur,u
Yamı,e
Yamtar,e
Yanal,e
Yanbatu,e
Yangak,e
Yangakınal,e
Yangıl,e
Yangılarslan,e
Yankı,u
Yankı,u
Yapağı,k
Yapağulu,e
Yapança,e
Yaparlı,e
Yapınç,u
Yapınç,u
Yapınçak,u
Yapınçak,u
Yapırgak,k
Yaplaksarı,e
Yaplış,e
Yaprak,k
Yarıcı,e
Yarındak,e
Yarkan,e
Yarkaya,e
Yarkın,u
Yarkın,u
Yarlık,e
Yarmakan,u
Yarmakan,u
Yaroğul,e
Yarp,e
Yarpuz,k
Yartaçuk,e
Yaruk,u
Yaruk,u
Yaruktegin,e
Yarukyıldız,u
Yarukyıldız,u
Yasa,e
Yasacı,e
Yasadur,e
Yasağul,e
Yasalı,e
Yasıç,e
Yasmıl,e
Yaşak,e
Yaşar,u
Yaşar,u
Yaşarşat,e
Yaşın,u
Yaşın,u
Yaşmut,e
Yaşuk,e
Yatgak,e
Yatıgma,e
Yavlakarslan,e
Yavuz,e
Yayık,u
Yayık,u
Yazgan,e
Yazgır,e
Yazı,e
Yazıcı,e
Yazır,e
Yazuksuz,u
Yazuksuz,u
Yeğen,e
Yeğençik,e
Yeğinsilik,e
Yeke,e
Yeketaş,e
Yeketaşoğul,e
Yelda,k
Yelekçi,e
Yelgek,e
Yelkin,u
Yelkin,u
Yemşen,k
Yerdeş,e
Yeter,u
Yeter,u
Yetigen,u
Yetigen,u
Yetmen,e
Yetrim,u
Yetrim,u
Yezek,e
Yezirtulga,e
Yıba,e
Yığaç,e
Yığım,e
Yığın,e
Yılbars,e
Yıldır,e
Yıldırım,e
Yıldız,u
Yıldız,u
Yıldızcı,e
Yıldızkağan,e
Yıldızlı,u
Yıldızlı,u
Yılmaz,e
Yımış,e
Yınal,e
Yıpar,k
Yırım,e
Yışık,e
Yiğbört,e
Yiğen,e
Yiğençur,e
Yiğenek,e
Yiğetmiş,e
Yiği,e
Yiğit,e
Yimek,e
Yinçü,k
Yingçe,k
Yingçegüzel,u
Yingçegüzel,u
Yingçeyakşı,k
Yinge,e
Yisüntuba,e
Yitik,e
Yitmiş,e
Yizek,e
Yolak,u
Yolak,u
Yolakbarçın,e
Yolay,e
Yoldruk,u
Yoldruk,u
Yolduz,e
Yonca,k
Yonçka,k
Yonga,e
Yongucu,e
Yorçu,e
Yorınça,u
Yorınça,u
Yorınçga,k
Yoruk,u
Yoruk,u
Yosmut,e
Yörgenç,u
Yörgenç,u
Yörük,e
Yubuğ,e
Yuğak,k
Yuğruş,e
Yul,u
Yul,u
Yula,e
Yulak,u
Yulak,u
Yulçuk,e
Yuldruk,u
Yuldruk,u
Yulduz,k
Yuluğ,e
Yuluğtegin,e
Yulyulak,k
Yumak,u
Yumak,u
Yumgak,u
Yumgak,u
Yumru,u
Yumru,u
Yumruk,e
Yumşak,e
Yumuşga,k
Yungu,u
Yungu,u
Yunkuş,k
Yunlu,e
Yunlukoca,e
Yupuğ,e
Yurtçu,e
Yusuf,e
Yuyruk,e
Yüce,e
Yügesir,e
Yügnek,e
Yügrükbilge,e
Yügür,k
Yükünç,u
Yükünç,u
Yüküngen,k
Yülek,e
Yülükarslan,e
Yürgeyük,e
Yürükalp,e
Yüzbeği,e
Zahir,e
Zahit,e
Zekâi,e
Zekiye,k
Zerafet,k
Zerrin,k
Zeynep,k
Zeyno,k
Zuhuri,e
Züleyha,u
Züleyha,u
